displacement,force
-2.682728967936495496e-04,5.120462726785657281e-02
2.622267590970365375e-04,3.206771897231337221e+01
1.245416252974425265e-04,6.397137220152768577e+01
7.731183063400137874e-05,9.607266954492972388e+01
3.472427882942770699e-04,1.280089207744614157e+02
4.521013315536558412e-04,1.600443870901326875e+02
6.213720103522958702e-04,1.919312650409923435e+02
4.030965454603682567e-04,2.239890126204950320e+02
5.867722309032317009e-04,2.559471822682794766e+02
4.682157844661996430e-04,2.880878898184485024e+02
3.283747675300129456e-04,3.199703807665378008e+02
9.179537988543012839e-04,3.519698868853315616e+02
8.116449327170186748e-04,3.840599976135494558e+02
7.434885095170574998e-04,4.160155367247505183e+02
8.287311443042427945e-04,4.479877878138387928e+02
8.663181366925867561e-04,4.799402611545959871e+02
8.876928666957826716e-04,5.120409552165212972e+02
1.140942894258815911e-03,5.440418155188182254e+02
1.286832870446189426e-03,5.759807205440225744e+02
1.071091905071052969e-03,6.080059572812610895e+02
1.128813977206610331e-03,6.399760516526799847e+02
1.152282037224689392e-03,6.720511383279764459e+02
1.450196626420776312e-03,7.040101033721338126e+02
1.554426451217675881e-03,7.360827265372794272e+02
1.276142668389254825e-03,7.679505922913981522e+02
1.344947148271631067e-03,8.000184704402608986e+02
1.427353937882529797e-03,8.319706815879699207e+02
1.360238562346320927e-03,8.640453545894843046e+02
1.706914643357037263e-03,8.960877191149982082e+02
1.666794859248121093e-03,9.279308416772538521e+02
2.079074863427026690e-03,9.599839697281208828e+02
1.775026394955037503e-03,9.920278432486466045e+02
1.684838963648916223e-03,1.023994660471462794e+03
1.600056923974408360e-03,1.055979642156038608e+03
2.186705393469417363e-03,1.087989590769371944e+03
1.894002051297278590e-03,1.120019491003249414e+03
2.357049921019106417e-03,1.152021164162739751e+03
2.074788864855496833e-03,1.183968313091907930e+03
2.258059279001062465e-03,1.216015846927555231e+03
2.372121850623799301e-03,1.248080682333888944e+03
2.169916867271859829e-03,1.279913517030342746e+03
2.417266607899057861e-03,1.312045534247158002e+03
2.421249481927555906e-03,1.344016529776739389e+03
2.491351836330089539e-03,1.375964763692350743e+03
2.742241887492492987e-03,1.408009732963532315e+03
2.601344600762770052e-03,1.440009344033518573e+03
2.738689390905386933e-03,1.472059991170404373e+03
2.943151196137536955e-03,1.504040530747418188e+03
3.111314858633732264e-03,1.536092761932849271e+03
2.799393292124656343e-03,1.568034313028391807e+03
2.782080411734167737e-03,1.600027538277453914e+03
3.317817455047434010e-03,1.632041180051900028e+03
3.081927849347377082e-03,1.663928170260039451e+03
3.018994846401395257e-03,1.696036379916835131e+03
3.214365914689279024e-03,1.727976815900438623e+03
3.434995008371732710e-03,1.760035055047636661e+03
3.513969815301039388e-03,1.791978617514241478e+03
3.397679218030824101e-03,1.824036019116181251e+03
3.375701791979511535e-03,1.856005474285881746e+03
3.534726468099263965e-03,1.888034996253984218e+03
3.449670570500032365e-03,1.920113414592382242e+03
3.622482563006662343e-03,1.951891118593021702e+03
3.695213080436845696e-03,1.983996949839487115e+03
3.520236887099860521e-03,2.016040049311379789e+03
3.809073373203776969e-03,2.047994889037945313e+03
3.605128139283804954e-03,2.080033589606177429e+03
3.970896309921731308e-03,2.111978412323658176e+03
4.037392379346378853e-03,2.144034231439351970e+03
4.095499649061556079e-03,2.176003605624279771e+03
4.243808197650772440e-03,2.207905952229023114e+03
4.493890584643057441e-03,2.239935773060706651e+03
4.422233761765468653e-03,2.272033217483099179e+03
4.310661167441790821e-03,2.304002816145987254e+03
4.422508799975911377e-03,2.336015304638562156e+03
4.347973129284196832e-03,2.368030535911089373e+03
4.837367473112087236e-03,2.399966028070089124e+03
4.636978094875018365e-03,2.431963045902603881e+03
4.289602860811828934e-03,2.463978279346906220e+03
4.809757012513319815e-03,2.495978285655708532e+03
4.827366214434486262e-03,2.528003936691427953e+03
4.896775892597011841e-03,2.560015210625808777e+03
4.562228808877249672e-03,2.592074707972245506e+03
4.816945060082985022e-03,2.623909815116995560e+03
5.010143964928099117e-03,2.655970310548240832e+03
4.854038619873520324e-03,2.687993852599337515e+03
4.952277558742169440e-03,2.719970234455544414e+03
5.192041770711400619e-03,2.752003057237392113e+03
5.218566147561343356e-03,2.783966153971286076e+03
5.105152811352774850e-03,2.816043824533114730e+03
5.098294519891101266e-03,2.848008505448299275e+03
5.278039807872008868e-03,2.879922452483205234e+03
5.425711610611549766e-03,2.912055782505507977e+03
5.213878262901489556e-03,2.944061018138977488e+03
5.428904150435528639e-03,2.976021087302305659e+03
5.634321260678064498e-03,3.008043875798522095e+03
5.500209992866818970e-03,3.040019197419314423e+03
5.641304154044653532e-03,3.072073898188939438e+03
5.826917597530998673e-03,3.103994430283978545e+03
6.055326347506267450e-03,3.135969678016754642e+03
5.587262452173521673e-03,3.168010432501412197e+03
6.093626946082575553e-03,3.200031591337733516e+03
5.936710691366630169e-03,3.231984282457849531e+03
5.948030732824551893e-03,3.263966190900539459e+03
6.113106518290687373e-03,3.296007561314554096e+03
6.211880003009608540e-03,3.328007568951019493e+03
6.274108780561802289e-03,3.359972755123516890e+03
6.177394005584158250e-03,3.391938040011327757e+03
6.681719493331197968e-03,3.423976273040958858e+03
6.560910176625209776e-03,3.456005448772478303e+03
6.521753830701830165e-03,3.488057330524679855e+03
6.130600285583230613e-03,3.520031791317082480e+03
6.423070896654808036e-03,3.551969242947803650e+03
6.898963393107477270e-03,3.584006751117780823e+03
6.840595487601007843e-03,3.616023238624256464e+03
6.898202263961299846e-03,3.648104174779229197e+03
6.830853042896403889e-03,3.680039890931092941e+03
6.774471395459556386e-03,3.711956182554223233e+03
7.380369733144625209e-03,3.744045275455786395e+03
6.947851750914228915e-03,3.775936877744004505e+03
7.379042671466801151e-03,3.808059228824817637e+03
7.320485638483368446e-03,3.840059640496087468e+03
7.265252645611014991e-03,3.871981934244092827e+03
7.133213811789422369e-03,3.904047927904586686e+03
7.003195591032558218e-03,3.936090319236327559e+03
7.136561892871312943e-03,3.967949334272843771e+03
7.443592229292575121e-03,3.999982089859878215e+03
7.375982640747522426e-03,4.032030152298287248e+03
7.211335895078671912e-03,4.063980226497436433e+03
7.682006681078577121e-03,4.096030412555067414e+03
7.837354910809469014e-03,4.127955658087566007e+03
8.043458969523084937e-03,4.159960044084495166e+03
7.830847218233192089e-03,4.192015684930368479e+03
7.773395613528586226e-03,4.223966466199924980e+03
8.364740147399355591e-03,4.256080713638602901e+03
8.104216682859950033e-03,4.288004807713129594e+03
8.239350316267291321e-03,4.320027950427234828e+03
8.243827459091405963e-03,4.352041183835554875e+03
8.119983949141987983e-03,4.384032593612912933e+03
8.317095357986342002e-03,4.415954747931113161e+03
8.296996201297635737e-03,4.447916032439915398e+03
8.681685146952130769e-03,4.480010017194897955e+03
8.423791526734997551e-03,4.511943260934219325e+03
8.362244846488771019e-03,4.543965428771913139e+03
8.537569405626471708e-03,4.575966626592484317e+03
8.522637338963389916e-03,4.607951779690406511e+03
8.649643510829373855e-03,4.640039253001062207e+03
8.781439235285301917e-03,4.671944012873178508e+03
8.763366102345156519e-03,4.704047669388619397e+03
9.260820601198330171e-03,4.736021458324607920e+03
8.737285324294599004e-03,4.767976498744223136e+03
8.942383748459912032e-03,4.800005638137090500e+03
9.133678633517407913e-03,4.831891049980829848e+03
9.523173923442367073e-03,4.863920121656648917e+03
8.935204412610387240e-03,4.896035088514417112e+03
8.787002257810058378e-03,4.927990162612510176e+03
8.895381427778081135e-03,4.959981452997207271e+03
9.465939288592762138e-03,4.991908191601181898e+03
9.486817662519859973e-03,5.024012539281338832e+03
9.462970715151701115e-03,5.056005481809942466e+03
9.548003019012145376e-03,5.088000877066230714e+03
9.762591974036357798e-03,5.119967537442537832e+03
9.407115899765079031e-03,5.151994345330474061e+03
9.699348046937198917e-03,5.184018288661860424e+03
9.780421786104815871e-03,5.215964858921046471e+03
9.804416757385353912e-03,5.247913291458176900e+03
9.933653096646262795e-03,5.279977489611861529e+03
9.829488335458142975e-03,5.312050396717388139e+03
9.786315011672798436e-03,5.344000508028970216e+03
1.014822429322932013e-02,5.376060259536007834e+03
1.018528466849121135e-02,5.408040061890932520e+03
1.020506197198932201e-02,5.439977006023848844e+03
1.043480779772373336e-02,5.472021743356301158e+03
1.039958592357679429e-02,5.504003049155025110e+03
1.035248739908844508e-02,5.535990464274512306e+03
1.035570762762360632e-02,5.567999756530364721e+03
1.075920910799929922e-02,5.599976313533816210e+03
1.052037242591090556e-02,5.631979990884112340e+03
1.045401815543524349e-02,5.663998866018057925e+03
1.086693304344361032e-02,5.696021885293158448e+03
1.055770021081166646e-02,5.728032034273307545e+03
1.079154248302408373e-02,5.760033056981924346e+03
1.100185632214526442e-02,5.791977436818288879e+03
1.099381379923864213e-02,5.823983277469560562e+03
1.104476876716882147e-02,5.855998583035206138e+03
1.085363094805140254e-02,5.887980552114458987e+03
1.088525979332020943e-02,5.919964370712963500e+03
1.113786626880230134e-02,5.951959279364869872e+03
1.138094730223034381e-02,5.983988812218221938e+03
1.114855878030666589e-02,6.015998084423411456e+03
1.103482546861752484e-02,6.048046270798826299e+03
1.165589017762570789e-02,6.079917646464812606e+03
1.153833557415221388e-02,6.112029502927369322e+03
1.169491771796016266e-02,6.144072278999686205e+03
1.141881695874663247e-02,6.175981142037529935e+03
1.173728357050223860e-02,6.208016238720906586e+03
1.196696718850078812e-02,6.239997129925384797e+03
1.182383165820062240e-02,6.272125928231419493e+03
1.170626544143816075e-02,6.304011900147880624e+03
1.176007669959446521e-02,6.335933011074030219e+03
1.185721870476344475e-02,6.368086681768252674e+03
1.175377923016275410e-02,6.514668134374149304e+03
1.190866538872471445e-02,6.556777148715147632e+03
1.230924579047450521e-02,6.588064522505083005e+03
1.217320173081835877e-02,6.614124654968613868e+03
1.217618441360585058e-02,6.636625590533125433e+03
1.220379136292581990e-02,6.656920330621382163e+03
1.206511872039281279e-02,6.675352994938835764e+03
1.266710473465958338e-02,6.692412890415307629e+03
1.253189337318021297e-02,6.708313612955688768e+03
1.289156118246628270e-02,6.723322251942176081e+03
1.263903354573807543e-02,6.737525912761907421e+03
1.246148707880995882e-02,6.750912143760022445e+03
1.261883736294729108e-02,6.763867695075936354e+03
1.264251207919491263e-02,6.776130746413366069e+03
1.302919667688939853e-02,6.788012675054740612e+03
1.334616592794168367e-02,6.799393767157643197e+03
1.301939783149589670e-02,6.810556579965194942e+03
1.311590316697142621e-02,6.821276875604462475e+03
1.328089084551964394e-02,6.831533424830027798e+03
1.331155567378828133e-02,6.841691365330541885e+03
1.317553924794710035e-02,6.851472538484655161e+03
1.342597483332394828e-02,6.861027389449331167e+03
1.336627447162543232e-02,6.870335749139318978e+03
1.352155180008795393e-02,6.879431382703754025e+03
1.359177909901214051e-02,6.888304174238728592e+03
1.371588887463979362e-02,6.897063937831053408e+03
1.376164313476922058e-02,6.905524635724307700e+03
1.380953996217273473e-02,6.913798531596215980e+03
1.400859059224721266e-02,6.922057928022371016e+03
1.361218076262808371e-02,6.930138193356041484e+03
1.379995199663015294e-02,6.937944463634442400e+03
1.388081747598235265e-02,6.945697417817428686e+03
1.381546842616120790e-02,6.953361663782904543e+03
1.408237684812597458e-02,6.960827655992308792e+03
1.427411609286892771e-02,6.968132114148804249e+03
1.402160436367225031e-02,6.975423341633677410e+03
1.432461754974861425e-02,6.982491487784910532e+03
1.385506734925678538e-02,6.989615348519342660e+03
1.433684501356345155e-02,6.996481864116459292e+03
1.426161101036738446e-02,7.003271503185392248e+03
1.479011239502998377e-02,7.010083515598871600e+03
1.450925459011474447e-02,7.016710603719793653e+03
1.467758888284995469e-02,7.023339286679515681e+03
1.454222572589930658e-02,7.029792827702388422e+03
1.484521899787294257e-02,7.036192282479836649e+03
1.476701267194700275e-02,7.042590195866065187e+03
1.464269048179830598e-02,7.048767053237386790e+03
1.476040383881437219e-02,7.054905058600075790e+03
1.475322830407598505e-02,7.061029500767640457e+03
1.479597304300079262e-02,7.067047119104538979e+03
1.523173521990053500e-02,7.073060359788622918e+03
1.527192463529755510e-02,7.078933803696962059e+03
1.532201684646813597e-02,7.084803941871686220e+03
1.528133649280230197e-02,7.090591382561093269e+03
1.523033309838698821e-02,7.096261957290636929e+03
1.550871736680292830e-02,7.101961886370462707e+03
1.553092565217197366e-02,7.107559299363036189e+03
1.584105467736181272e-02,7.113157688264947865e+03
1.539888039905826407e-02,7.118627704607056330e+03
1.555631582602638903e-02,7.124143194068280536e+03
1.571903704953037106e-02,7.129469273585904375e+03
1.541685691131402906e-02,7.134844222136539429e+03
1.568630628798322463e-02,7.140143672641439480e+03
1.587798222850313537e-02,7.145400388516548446e+03
1.587246935476955070e-02,7.150668230359244262e+03
1.614112810908864895e-02,7.155827868200948615e+03
1.601390025058266678e-02,7.160986846874261573e+03
1.595471580333661377e-02,7.166061836933202358e+03
1.630856647122208569e-02,7.171113238801472107e+03
1.613459735088139391e-02,7.176080784919633516e+03
1.610695424345101254e-02,7.181095065310423706e+03
1.636709449177988288e-02,7.186077865987780569e+03
1.639777774900846516e-02,7.190882958544567373e+03
1.646775784307779808e-02,7.195865938576994267e+03
1.664752421538193833e-02,7.200614626800293991e+03
1.632039720656978943e-02,7.205386390247884265e+03
1.690043070022007390e-02,7.210172309297163338e+03
1.694314478358397227e-02,7.214872723404015233e+03
1.662800328700772892e-02,7.219564682640096180e+03
1.707670046835428265e-02,7.224214659444764038e+03
1.695942655674836930e-02,7.228843718928999806e+03
1.715703758509850782e-02,7.233391316215658662e+03
1.715806560743797851e-02,7.238004661184053475e+03
1.691539838622622277e-02,7.242507866630017816e+03
1.721287602836060401e-02,7.247002719337117014e+03
1.743541034294905645e-02,7.251371785136336257e+03
1.713263201642812802e-02,7.255879476843604607e+03
1.715196376326363903e-02,7.260234931981993213e+03
1.764343598074570238e-02,7.264642785911957617e+03
1.759222950425224849e-02,7.269068163116469805e+03
1.739463961181265950e-02,7.273425650828727157e+03
1.772944287367304167e-02,7.277697058219904648e+03
1.756867285999460376e-02,7.281970300541467623e+03
1.774203411477983522e-02,7.286158700894394315e+03
1.779524032928604324e-02,7.290461323712701414e+03
1.790261004307337409e-02,7.294659877778534792e+03
1.798918342495028563e-02,7.298758529883185474e+03
1.803594966592851276e-02,7.302932119994953609e+03
1.796893586841879012e-02,7.307096606581755623e+03
1.826313847213230368e-02,7.311251515585551715e+03
1.778078804271343571e-02,7.315321006155737450e+03
1.816935365101176453e-02,7.319384268913080632e+03
1.845063726281011285e-02,7.323464434398362755e+03
1.829056763440844655e-02,7.327500136823807225e+03
1.820936434206246735e-02,7.331452693878195532e+03
1.840027008125619257e-02,7.335533891014755682e+03
1.834135312008189009e-02,7.339346438477571610e+03
1.835595232131179838e-02,7.343412979482274750e+03
1.874314909827643968e-02,7.347241452686386765e+03
1.853255462203073217e-02,7.351189134373004890e+03
1.859940602539172927e-02,7.355031421044117451e+03
1.871233386679147653e-02,7.358925923840191899e+03
1.889806369228375776e-02,7.362787275483525264e+03
1.872557383993287555e-02,7.366516459589317492e+03
1.893252789847171824e-02,7.370340923966524315e+03
1.903312636066160912e-02,7.374200428898170685e+03
1.901985760139614581e-02,7.377911450785823945e+03
1.928157848309181716e-02,7.381715553875020305e+03
1.878472369169273057e-02,7.385416822513626357e+03
1.904762167970502559e-02,7.389156682872213423e+03
1.918709454610121809e-02,7.392912790897548803e+03
1.932378297484316915e-02,7.396555458719564740e+03
1.922049075484752109e-02,7.400237238722557777e+03
1.916424560346447967e-02,7.403835239890919183e+03
1.967295628629893434e-02,7.407463092104213501e+03
1.949164543842595021e-02,7.411103437910695902e+03
1.970055412981929974e-02,7.414660358340708626e+03
1.966355371284586942e-02,7.418318216451213630e+03
1.970167369221636003e-02,7.421869005424608076e+03
1.970095233142501318e-02,7.425502694934773899e+03
1.971396011511225566e-02,7.429051190017064982e+03
1.980884213420816553e-02,7.432510170529902098e+03
2.006620606484826527e-02,7.435997125190559018e+03
2.001824449909998804e-02,7.439463835878502323e+03
2.009827602420458451e-02,7.442944940609393598e+03
2.009435178028597113e-02,7.446426817863678480e+03
2.027085007501631952e-02,7.449971624171712392e+03
2.067216950796251645e-02,7.453319209728030728e+03
2.028987956009384308e-02,7.456809882937017392e+03
2.042696279567661824e-02,7.460222862892357625e+03
2.055910642752997036e-02,7.463593031090821569e+03
2.055834401532405376e-02,7.466926093172191031e+03
2.042346374021344890e-02,7.470381141506122731e+03
2.039912491837190048e-02,7.473741220932381111e+03
2.072905692688474869e-02,7.477056610983537212e+03
2.064892226104980341e-02,7.480435631041912529e+03
2.112768556414320806e-02,7.483699709346480631e+03
2.100551134597178002e-02,7.486954028225365619e+03
2.083087042209402079e-02,7.490395418288383553e+03
2.086805643823795575e-02,7.493611175415473554e+03
2.085415408726616626e-02,7.496888287771590512e+03
2.110310409817999291e-02,7.500293911151252360e+03
2.125816954331567754e-02,7.503403773733409253e+03
2.126867062322147436e-02,7.506670241721573802e+03
2.142313580893628888e-02,7.509861756622982284e+03
2.132077265726748175e-02,7.513159490260929488e+03
2.154837683332545828e-02,7.516349868653656813e+03
2.069190852591706875e-02,7.519430293425348282e+03
2.143197629673489549e-02,7.522746679544857216e+03
2.184275602427951032e-02,7.525878984042920820e+03
2.163283326102460186e-02,7.528985983143432350e+03
2.186599712937818338e-02,7.532259389820675096e+03
2.167888093086471971e-02,7.535269224960094107e+03
2.185330193481210478e-02,7.538443915638446924e+03
2.215712070803024444e-02,7.541526301417328796e+03
2.192881722178276552e-02,7.544696111107033175e+03
2.202418205325827952e-02,7.547806568883323962e+03
2.208442426181429080e-02,7.550895341229397673e+03
2.191785779705547957e-02,7.553854650792882239e+03
2.229996328957209104e-02,7.556897437086420723e+03
2.249863749342461902e-02,7.559982570774269334e+03
2.207558378847907302e-02,7.563041500007563627e+03
2.253327711060796809e-02,7.566177771087704969e+03
2.274130562391345547e-02,7.569167941414840243e+03
2.249663895299132757e-02,7.572151160016361246e+03
2.264733467855772550e-02,7.575161519044856504e+03
2.246486812215229417e-02,7.578173660569901585e+03
2.309417657744789604e-02,7.581178477109433516e+03
2.268567752658205705e-02,7.584152168908326530e+03
2.294316604971579146e-02,7.587115903508994961e+03
2.303067164701047206e-02,7.590164045973848260e+03
2.276555822159783554e-02,7.593100602675299342e+03
2.309364971374257280e-02,7.596000587762046962e+03
2.334320334620395426e-02,7.598915711471126087e+03
2.317137502585224496e-02,7.601870506414195916e+03
2.319436426486442757e-02,7.604784432866320458e+03
2.336022772502451342e-02,7.607729636157466302e+03
2.311895988781725864e-02,7.610598742342209334e+03
2.360567641051352847e-02,7.613479721393640830e+03
2.289074891301697001e-02,7.616387997662536691e+03
2.333760422159338044e-02,7.619314920570638606e+03
2.355628631581352730e-02,7.622113570726311991e+03
2.337775252460427486e-02,7.625033277960849773e+03
2.370509611934394287e-02,7.627888341630928153e+03
2.385694581696474678e-02,7.630711306065599274e+03
2.386224937646427499e-02,7.633423448733129590e+03
2.391947357549674066e-02,7.636330213166752401e+03
2.361744111737293025e-02,7.639105504283261325e+03
2.375387229607037881e-02,7.641977233370599606e+03
2.415821306017043243e-02,7.644748643257825279e+03
2.436427926043307352e-02,7.647556905093751993e+03
2.419275504097931698e-02,7.650321706953849571e+03
2.397501805132837976e-02,7.653158497482311759e+03
2.416587488336578715e-02,7.655857250705730621e+03
2.441016321388136956e-02,7.658737046846522389e+03
2.430350978234214337e-02,7.661442722537932241e+03
2.422387408195880720e-02,7.664189918223110908e+03
2.443168399591024581e-02,7.667034129467039747e+03
2.448638793171783665e-02,7.669621662484571971e+03
2.455502349862539319e-02,7.672404810248663125e+03
2.472759719373782486e-02,7.675069761915700838e+03
2.481521188757097179e-02,7.677820042806241872e+03
2.476684510686321533e-02,7.680579279024368589e+03
2.488585217241863143e-02,7.683253991317445070e+03
2.477166843609063945e-02,7.685839463412159603e+03
2.487301913488388153e-02,7.688637330345530245e+03
2.488704983039955951e-02,7.691392213665275449e+03
2.501342658084560952e-02,7.693903492650973021e+03
2.503579435067970760e-02,7.696698765151758380e+03
2.507622119710489414e-02,7.699288941422165408e+03
2.510742319664834715e-02,7.702040080054895952e+03
2.524773906545662097e-02,7.704580581754783452e+03
2.539301200724823973e-02,7.707242669236852635e+03
2.578814123083164253e-02,7.709943919560883842e+03
2.540619579570340195e-02,7.712531023411342176e+03
2.546557692700574319e-02,7.715178045897400807e+03
2.553054464953793262e-02,7.717791126204884677e+03
2.571337855828444499e-02,7.720383729848144867e+03
2.594270221568052356e-02,7.722973967643407377e+03
2.587856046387799341e-02,7.725587685130322825e+03
2.627561679691840096e-02,7.728099514043971794e+03
2.577959173909730520e-02,7.730747732531792280e+03
2.590590811405054511e-02,7.733243847485810875e+03
2.602066586982198365e-02,7.735894297197162814e+03
2.595527072893010975e-02,7.738507319669558456e+03
2.615209585292732272e-02,7.741080809152381335e+03
2.623569005607645152e-02,7.743610907128026156e+03
2.612046725287258883e-02,7.746069630157376196e+03
2.650421290396055146e-02,7.748714690010312552e+03
2.626380012197303271e-02,7.751204418551310482e+03
2.665193586641642631e-02,7.753705113933046050e+03
2.634426122565479075e-02,7.756311893582032098e+03
2.652751839136426038e-02,7.758827140236721789e+03
2.666236134282298428e-02,7.761289927173537762e+03
2.656670884850667602e-02,7.763763469168302436e+03
2.681499473391656119e-02,7.766339077615728456e+03
2.671226207468306926e-02,7.768925286271326513e+03
2.699313849792088840e-02,7.771288636033950752e+03
2.686077716892063677e-02,7.773809171934303777e+03
2.693920637619580741e-02,7.776295131962528103e+03
2.697149618601342447e-02,7.778747854611421644e+03
2.706862087814617540e-02,7.781233638425365825e+03
2.699951313102402425e-02,7.783638164930224775e+03
2.730093796528695188e-02,7.786143134872384508e+03
2.745177596026445940e-02,7.788587380885811399e+03
2.708803540091204998e-02,7.791019056270929468e+03
2.723057944752266604e-02,7.793524115845508277e+03
2.730201786676370382e-02,7.795966137152486226e+03
2.744429472896865382e-02,7.798307876317770024e+03
2.777244540921482499e-02,7.800682728359785870e+03
2.765969108913573712e-02,7.803171445812751699e+03
2.733748935486116083e-02,7.805598886312618561e+03
2.771273245878618299e-02,7.808040442697077196e+03
2.759314343953714332e-02,7.810405369420552233e+03
2.773604001501603702e-02,7.812833774293496390e+03
2.808997429969796109e-02,7.815167517110588051e+03
2.784769890622637925e-02,7.817614090065269920e+03
2.812650522098963934e-02,7.820040684675771445e+03
2.802623667983003206e-02,7.822378603311100051e+03
2.800429986492216847e-02,7.824772309313413643e+03
2.821863405923165022e-02,7.827075331186490075e+03
2.853478745359484814e-02,7.829517262283136006e+03
2.835768274967239919e-02,7.831871454266748515e+03
2.846490982544123624e-02,7.834151101568210834e+03
2.848275613135693371e-02,7.836628166942012285e+03
2.840502457243427800e-02,7.838927021838144356e+03
2.871253380964432916e-02,7.841203417236547466e+03
2.850116613981579922e-02,7.843573779090055723e+03
2.909820591303800483e-02,7.845945595322648842e+03
2.868612617114921562e-02,7.848279522712418839e+03
2.893518537737043220e-02,7.850551122433926139e+03
2.896514198451931310e-02,7.852906992605704545e+03
2.900774829707422273e-02,7.855270329695267719e+03
2.916992564922501682e-02,7.857489129446822517e+03
2.897449790603836769e-02,7.859863133475322684e+03
2.952190846233226224e-02,7.862273638955273782e+03
2.915526746551398360e-02,7.864448496611375958e+03
2.931623871304584600e-02,7.866716870932291386e+03
2.902987978020188028e-02,7.869054641694007842e+03
2.925933743648688468e-02,7.871337430304101872e+03
2.960220768103128883e-02,7.873567475552650649e+03
2.952750797347567305e-02,7.875889861277320051e+03
2.954184953954139617e-02,7.878143841098914891e+03
2.996008273747916006e-02,7.880373136837191851e+03
2.965060770651161901e-02,7.882702326756009825e+03
2.981758532602889547e-02,7.884941586108312549e+03
2.971389403350294112e-02,7.887132231511287500e+03
3.006255187531702705e-02,7.889499290389534508e+03
2.974090723690941962e-02,7.891749003466778049e+03
2.969013350234839602e-02,7.893953512830838918e+03
3.006359738352137531e-02,7.896182756455961680e+03
2.998491810866479174e-02,7.898376508812947577e+03
3.022772292052510260e-02,7.900708421074881699e+03
3.022416124843663177e-02,7.902841101993039956e+03
3.040774759782016029e-02,7.905075365391089690e+03
3.071993688086444366e-02,7.907312234118162451e+03
3.027093544822187510e-02,7.909471473182895352e+03
3.058650694369683190e-02,7.911763893036069931e+03
3.042373474135885020e-02,7.913899614661273517e+03
3.029611073894071874e-02,7.916246417516011206e+03
3.052041708466950859e-02,7.918335535516320306e+03
3.053996476983609348e-02,7.920528863065143923e+03
3.100432517578946556e-02,7.922748145738111816e+03
3.107935940840713882e-02,7.924931229080538287e+03
3.093886991051719021e-02,7.927108285126136252e+03
3.090754740437281697e-02,7.929211795571823131e+03
3.083564028854218417e-02,7.931472490915635717e+03
3.128220759576385429e-02,7.933641246104716629e+03
3.137788109652021873e-02,7.935836487798522285e+03
3.135244476165841010e-02,7.938002739825731624e+03
3.164056375126587245e-02,7.940121815426803551e+03
3.158210247482350769e-02,7.942251946395462255e+03
3.132188048658374191e-02,7.944439740177383101e+03
3.178136811120222532e-02,7.946640076524792676e+03
3.171390385750112034e-02,7.948676971943267745e+03
3.155298095378082646e-02,7.950915525553164116e+03
3.172211869591952393e-02,7.953028502912085060e+03
3.146002986558250891e-02,7.955121067927400873e+03
3.133803100618165471e-02,7.957256749250041139e+03
3.188337683560152347e-02,7.959473120828058200e+03
3.169172228435408745e-02,7.961541508218287163e+03
3.178772313636719915e-02,7.963620755664253011e+03
3.192541591182009031e-02,7.965792267255767001e+03
3.204677067866097684e-02,7.967857034771787767e+03
3.243003519145400831e-02,7.970065165148917004e+03
3.221095986001295403e-02,7.972118224996495883e+03
3.234293389732539881e-02,7.974201933749667660e+03
3.255155712805106460e-02,7.976372052793834882e+03
3.255628112543726416e-02,7.978404016617824709e+03
3.230288473229878110e-02,7.980513887973516830e+03
3.241649578604464954e-02,7.982529461168744092e+03
3.245732566123886442e-02,7.984612768811228307e+03
3.253609468276778827e-02,7.986744201476120907e+03
3.281495709075397255e-02,7.988807929577879804e+03
3.259240518211143495e-02,7.990918090959802612e+03
3.263405715355053444e-02,7.992999340517737437e+03
3.288375893690063251e-02,7.995002031457399426e+03
3.264152221550065819e-02,7.997133105249570690e+03
3.307118140642364285e-02,7.999165209525285718e+03
3.323844575470714935e-02,8.001228518322023774e+03
3.315564390040491582e-02,8.003320177143255023e+03
3.312263135995567598e-02,8.005425739651383083e+03
3.282233009054847522e-02,8.007338588029126186e+03
3.318379047829244505e-02,8.009464412303259451e+03
3.339095822419165666e-02,8.011512961349568286e+03
3.324162420908425425e-02,8.013557046059149798e+03
3.349121301488355851e-02,8.015698665906208589e+03
3.337500716758175917e-02,8.017580288001980080e+03
3.369963610424654005e-02,8.019697706713484877e+03
3.379692966526310488e-02,8.021666426276636230e+03
3.363853121739329016e-02,8.023657263360860270e+03
3.402425651969426951e-02,8.025637124192617193e+03
3.386452677394203442e-02,8.027736401699432463e+03
3.369566043625826790e-02,8.029825242748640449e+03
3.393625083582687413e-02,8.031855053868047435e+03
3.416134065745508874e-02,8.033795331024142797e+03
3.413048500893339082e-02,8.035841380560003927e+03
3.393860723199131069e-02,8.037755905346432883e+03
3.442812016398122399e-02,8.039814828931555894e+03
3.449429745643144835e-02,8.041803819497766199e+03
3.429612362626845157e-02,8.043847794949518175e+03
3.401663151253567913e-02,8.045766493789304150e+03
3.431257636500634201e-02,8.047778397871826201e+03
3.451208139189516216e-02,8.049774417927460490e+03
3.453599543307740716e-02,8.051721593635596946e+03
3.471781352687204614e-02,8.053734615506732553e+03
3.472835736337300666e-02,8.055740541855363517e+03
3.467932431679897343e-02,8.057578334249646105e+03
3.464490367024899986e-02,8.059646082266870508e+03
3.508042170203897608e-02,8.061738794376310580e+03
3.466194271194199955e-02,8.063639569345396922e+03
3.485557987435088101e-02,8.065590288457540737e+03
3.494351890313013992e-02,8.067481256038118772e+03
3.496623345471321087e-02,8.069552527642893438e+03
3.527817579698257905e-02,8.071403044458677869e+03
3.527417567819998712e-02,8.073403182616012600e+03
3.488974174949875662e-02,8.075326600419169154e+03
3.515340107388995050e-02,8.077248372280535477e+03
3.534910132937626320e-02,8.079263067304805190e+03
3.533771724515521323e-02,8.081180589323522327e+03
3.534452388600470979e-02,8.083026660892772270e+03
3.540865759198479068e-02,8.085032254466778795e+03
3.572131274512010957e-02,8.086980418936557726e+03
3.596230929956775735e-02,8.088875380188236704e+03
3.583583647568748531e-02,8.090744235229943115e+03
3.567476692185254927e-02,8.092791988849238805e+03
3.592616548063037180e-02,8.094662029101946246e+03
3.591780140269117128e-02,8.096619594461961242e+03
3.602031627907782002e-02,8.098512133602571339e+03
3.595097832989034570e-02,8.100441415012146535e+03
3.599204956899144936e-02,8.102284959204906045e+03
3.606380697736940449e-02,8.104168027188959968e+03
3.626968543751712265e-02,8.106110150774401518e+03
3.641388424425381909e-02,8.108001299527669289e+03
3.595345623382042305e-02,8.109980673852539439e+03
3.628243567692251981e-02,8.111889156221221128e+03
3.646785538137761046e-02,8.113774491666118593e+03
3.667401430574279003e-02,8.115636499821810503e+03
3.693727158718856235e-02,8.117599726393422316e+03
3.674163161283453688e-02,8.119440314704931552e+03
3.692972518308653557e-02,8.121388779855883513e+03
3.679471001948123043e-02,8.123108685066166800e+03
3.666517278334516933e-02,8.125112555331626027e+03
3.667147876744644708e-02,8.126934849917791325e+03
3.670187441001345613e-02,8.128813845358394246e+03
3.665784723953899316e-02,8.130682101470170892e+03
3.691091310367729250e-02,8.132594756946849884e+03
3.715229729784961382e-02,8.134461932838820758e+03
3.718111195303418215e-02,8.136291177847717336e+03
3.712606802804575834e-02,8.138261764682682951e+03
3.727034701351348428e-02,8.140125528694184140e+03
3.735683170232746708e-02,8.141857502764179117e+03
3.751547283079468414e-02,8.143769881383665052e+03
3.714437718256972248e-02,8.145596057192787157e+03
3.726625724768198311e-02,8.147520030944156133e+03
3.779708179228470633e-02,8.149281233874661666e+03
3.752100691177868291e-02,8.151133350382380740e+03
3.772935389121448435e-02,8.153027090356442386e+03
3.763537775046559702e-02,8.154867538577695996e+03
3.784161113387188996e-02,8.156590621059921432e+03
3.790687259818001364e-02,8.158569209715240504e+03
3.784508368827948360e-02,8.160341532199825451e+03
3.813773793300108406e-02,8.162147325802568048e+03
3.786877817471536595e-02,8.163962247910068982e+03
3.812612330828239748e-02,8.165857820273254220e+03
3.851941623506176249e-02,8.167617670252330754e+03
3.819486387464995220e-02,8.169548937224079054e+03
3.819828378889150028e-02,8.171397151655182824e+03
3.826660643461793354e-02,8.173142151999966700e+03
3.828424763395093383e-02,8.174956515062771359e+03
3.851592980127158117e-02,8.176680921289633261e+03
3.873564581924681532e-02,8.178552994161425886e+03
3.870376159005794320e-02,8.180406637675897400e+03
3.876690738667173952e-02,8.182185453680475803e+03
3.871602624976898388e-02,8.183934847577810615e+03
3.872397216229216815e-02,8.185802042705808162e+03
3.889506801426780014e-02,8.187535724645311348e+03
3.894087401636081580e-02,8.189334177342889234e+03
3.902099402894499552e-02,8.191201688693969118e+03
3.892635512315253954e-02,8.192993615794568541e+03
3.889736412916434960e-02,8.194839063616258500e+03
3.922176048388276853e-02,8.196606159996541464e+03
3.910477734876035422e-02,8.198419628585563260e+03
3.928412628950431196e-02,8.200102550015168163e+03
3.924093270545211953e-02,8.201926710191208258e+03
3.922862607535413521e-02,8.203720075554567302e+03
3.940510040572155204e-02,8.205442263330338392e+03
3.955669454816717473e-02,8.207314364914556791e+03
3.958869679555604426e-02,8.208973163801823830e+03
3.983260900493768020e-02,8.210804887024756681e+03
3.931288018998496669e-02,8.212568761013599214e+03
3.987674338449936212e-02,8.214357546518745949e+03
4.001936380540452309e-02,8.216147955414639000e+03
3.977526455092705165e-02,8.217858293780971508e+03
3.973477096094370220e-02,8.219653004733028865e+03
4.002542895326651612e-02,8.221397049602062907e+03
3.994975757636465979e-02,8.223103242983022938e+03
3.980832250191683463e-02,8.224878124231529000e+03
4.028401638474578966e-02,8.226638913654538555e+03
4.038957484203351683e-02,8.228344402695282042e+03
4.010505985647250249e-02,8.230193337921595230e+03
4.001347967665043470e-02,8.231949048988648428e+03
4.009187264440712550e-02,8.233615426472166291e+03
4.051176307216543954e-02,8.235373564925153914e+03
4.038877194898723988e-02,8.237133814876173346e+03
4.095592043849112518e-02,8.238897575892993700e+03
4.060720548437263960e-02,8.240572108871550881e+03
4.092352506087915121e-02,8.242382178280353401e+03
4.067412166653404382e-02,8.244120660781029073e+03
4.063172118578848441e-02,8.245774857344751581e+03
4.079807452668911261e-02,8.247611681653546839e+03
4.099673774088792577e-02,8.249314140563330511e+03
4.123996245799294025e-02,8.250917124727851842e+03
4.122207623314865649e-02,8.252762328050206634e+03
4.106701405049580089e-02,8.254444329304455096e+03
4.098445746437098802e-02,8.256196464730568550e+03
4.120200977931848946e-02,8.257890787711419762e+03
4.143701568251807743e-02,8.259646663910232746e+03
4.129173848959438037e-02,8.261280843335887766e+03
4.145505887959640562e-02,8.263017270843502047e+03
4.171611480421438811e-02,8.264709482390164339e+03
4.163796959322721425e-02,8.266442431888295687e+03
4.160209930973800957e-02,8.268120731460554452e+03
4.162411683610893476e-02,8.269893740203920970e+03
4.165035819963097685e-02,8.271543292551057675e+03
4.147550366670594429e-02,8.273284174917795099e+03
4.184479160565415801e-02,8.274967645581067700e+03
4.215505442859558694e-02,8.276664788520169168e+03
4.196284980723119507e-02,8.278296058589130553e+03
4.201361184672838811e-02,8.280060973436191489e+03
4.198117167564423963e-02,8.281765781825031809e+03
4.194792951392162933e-02,8.283446144804671349e+03
4.224255017534557510e-02,8.285110152664767156e+03
4.248248161020237029e-02,8.286798465659348949e+03
4.208399072461429385e-02,8.288442404608989818e+03
4.218738988326287132e-02,8.290174743692869015e+03
4.225112594948721850e-02,8.291839350296717384e+03
4.258282646927685766e-02,8.293480759463502181e+03
4.256882983256780190e-02,8.295196223484555958e+03
4.244010641107971021e-02,8.296912869287294598e+03
4.260211071892730517e-02,8.298535773972014795e+03
4.278178516598511727e-02,8.300178734829687528e+03
4.247693052888994875e-02,8.301882529557022281e+03
4.287591071303199081e-02,8.303671079541159997e+03
4.278492526703240456e-02,8.305140983337585567e+03
4.290944449288661144e-02,8.306826044624229326e+03
4.304203259188787989e-02,8.308541080169241468e+03
4.326990593147821140e-02,8.310131830967648057e+03
4.304637580321502011e-02,8.311814190529079497e+03
4.299473774714166613e-02,8.313514929647679310e+03
4.304117681748844543e-02,8.315169879133542054e+03
4.332763203097159121e-02,8.316794202414906977e+03
4.351859450251371192e-02,8.318513385664095040e+03
4.336070574142777967e-02,8.320105380967017481e+03
4.372188595635904951e-02,8.321793480319927767e+03
4.348809276020202536e-02,8.323382941290217786e+03
4.396600658109180854e-02,8.325089448682483635e+03
4.384619889872707482e-02,8.326683950274451490e+03
4.362017205181615426e-02,8.328364635149066089e+03
4.368013453233198645e-02,8.330112050843103134e+03
4.368755206304391486e-02,8.331640094404096089e+03
4.387749217134015445e-02,8.333313810338120675e+03
4.409382313939574222e-02,8.334841173673114099e+03
4.394710095579577869e-02,8.336429130616854309e+03
4.417087161663014322e-02,8.338214505656138499e+03
4.437987567275829270e-02,8.339832797078333897e+03
4.429927758794337950e-02,8.341454124239462544e+03
4.410543777362529311e-02,8.343071840333557702e+03
4.449757265247793886e-02,8.344653290294618273e+03
4.416050817505264015e-02,8.346315187896674615e+03
4.433159573924341096e-02,8.347897130554752948e+03
4.455101948344210305e-02,8.349529935094862594e+03
4.474599409373551662e-02,8.351084472185653794e+03
4.487726312178886429e-02,8.352671972175974588e+03
4.430811425419473731e-02,8.354419700871683744e+03
4.494474587571873486e-02,8.356038031507983760e+03
4.474804859636274251e-02,8.357597584441915387e+03
4.487777238088738047e-02,8.359153861238177342e+03
4.510265190307927857e-02,8.360822043855971060e+03
4.526262640161699685e-02,8.362312392944284511e+03
4.509747786204814507e-02,8.363938473712118139e+03
4.493108910344984636e-02,8.365553312280659156e+03
4.504893993846443428e-02,8.367282411536414656e+03
4.533950851647648023e-02,8.368855080103576256e+03
4.566084632344318689e-02,8.370427311628396637e+03
4.567639211089614959e-02,8.372035084558327071e+03
4.513265329276561905e-02,8.373681677693590245e+03
4.525220116184352354e-02,8.375235327032421992e+03
4.561404782955536669e-02,8.376791124689494609e+03
4.554560250848249670e-02,8.378439227617176584e+03
4.577692915316372568e-02,8.380023445310209354e+03
4.575449830970685500e-02,8.381567949001306260e+03
4.590531697789803495e-02,8.383172664915362475e+03
4.577047797798630691e-02,8.384825027942142697e+03
4.604602679765636836e-02,8.386359821557962277e+03
4.601787252848445892e-02,8.387909216921712868e+03
4.560542872323268548e-02,8.389574603954635677e+03
4.596802489105835526e-02,8.391007484888672479e+03
4.637947005235169839e-02,8.392688223192046280e+03
4.583704427878311505e-02,8.394147980384772382e+03
4.603878504858158194e-02,8.395731586881807743e+03
4.637802327697997107e-02,8.397295714602769294e+03
4.639114850200723450e-02,8.398953395443715635e+03
4.667977891459146322e-02,8.400580307722400903e+03
4.653844238464850680e-02,8.402100608166538223e+03
4.658907413002130044e-02,8.403654026649062871e+03
4.659908035767897777e-02,8.405224763612706738e+03
4.662295602310932013e-02,8.406767422057997464e+03
4.653823519743820886e-02,8.408328135268731785e+03
4.709142249545480996e-02,8.409854341188231047e+03
4.672824396363979560e-02,8.411521296272187101e+03
4.694721173703640671e-02,8.413016511502699359e+03
4.666184374806595092e-02,8.414551491815780537e+03
4.712913576852385822e-02,8.416181543083448560e+03
4.712677636367154643e-02,8.417675012440131468e+03
4.735579307178887365e-02,8.419178718065471912e+03
4.720176266483247507e-02,8.420753818093871814e+03
4.694256080192500680e-02,8.422276872846538026e+03
4.744565420797990096e-02,8.423789166251943243e+03
4.722926285207029035e-02,8.425410434340485153e+03
4.749861489678323945e-02,8.426949823604576522e+03
4.755805074447987807e-02,8.428541649751956356e+03
4.737275663971162593e-02,8.430022165622749526e+03
4.769547830567866242e-02,8.431616477811894583e+03
4.747060948343863329e-02,8.433117811412213996e+03
4.777581733595397118e-02,8.434740424938634533e+03
4.798724919258948868e-02,8.436168717994505641e+03
4.775732511866356833e-02,8.437617498366207656e+03
4.767461614745497483e-02,8.439235966886182723e+03
4.800944224188790493e-02,8.440767377483400196e+03
4.826015493922369143e-02,8.442346995680643886e+03
4.819575086002282627e-02,8.443908989847943303e+03
4.825075648808579282e-02,8.445343021112807037e+03
4.814264917724771220e-02,8.446890953636595441e+03
4.861983417657778084e-02,8.448401559144318526e+03
4.855726596631022157e-02,8.449961833495957762e+03
4.809626907757501291e-02,8.451440191878322366e+03
4.837765431164582630e-02,8.452935505351404572e+03
4.845442149263678999e-02,8.454522789231607021e+03
4.857849019445373978e-02,8.456042386985989651e+03
4.852280620079675588e-02,8.457517192173054354e+03
4.877425883646797911e-02,8.459029352609677517e+03
4.856894480166139283e-02,8.460532579363069090e+03
4.890739241162981449e-02,8.462064575110744045e+03
4.924968735643128065e-02,8.463550459533629692e+03
4.895736973491874450e-02,8.465082846840092316e+03
4.924840555131596714e-02,8.466519906714554963e+03
4.917753103836511319e-02,8.468154558405169155e+03
4.899193365695510977e-02,8.469663604304583714e+03
4.941192551301286373e-02,8.471165673924848306e+03
4.906487766311995458e-02,8.472643933995919724e+03
4.917901094471593265e-02,8.474204296266185338e+03
4.916769247655991548e-02,8.475599600976956935e+03
4.951718938264260822e-02,8.477127194999928179e+03
4.943178459323786106e-02,8.478665418426242468e+03
4.946175368398841171e-02,8.480159977498495209e+03
4.943863025880830542e-02,8.481642940617171917e+03
4.971548854627458325e-02,8.483080446101388588e+03
4.989563133997439864e-02,8.484586783625611133e+03
4.963573119934217015e-02,8.486108343888741729e+03
4.981424418442598895e-02,8.487598140606254674e+03
4.999000373899452343e-02,8.489093130294791990e+03
4.968829023246416204e-02,8.490561125150930820e+03
5.000521013300426865e-02,8.492072214551910292e+03
5.002136658489623328e-02,8.493550192680919281e+03
5.038079571565105830e-02,8.495064931373553918e+03
5.040471151941258721e-02,8.496457329799040963e+03
5.032049096335117211e-02,8.497971671127927038e+03
5.042152774532881326e-02,8.499428698118139437e+03
5.033912307433918015e-02,8.500964785581862088e+03
5.035838948468815413e-02,8.502371878992751590e+03
5.055151117701674884e-02,8.503913628324749880e+03
5.034445699621285797e-02,8.505392396737197487e+03
5.086309522884632783e-02,8.506804802752691103e+03
5.075832920667848469e-02,8.508288398205380872e+03
5.095031171521371277e-02,8.509746155492161051e+03
5.106583999563770598e-02,8.511195479538604559e+03
5.083855744139705035e-02,8.512745827537262812e+03
5.088377862474730701e-02,8.514164554644887176e+03
5.078565583898293767e-02,8.515611866201754310e+03
5.121346692433148551e-02,8.517179896868317883e+03
5.125074675229188137e-02,8.518492879890518452e+03
5.110665129828464992e-02,8.519943547274946468e+03
5.146686598237361354e-02,8.521520888695120448e+03
5.124011153295240234e-02,8.523018045784125206e+03
5.148176063692520843e-02,8.524359409298316677e+03
5.156127817135967850e-02,8.525831081678708870e+03
5.155013377040796457e-02,8.527286684106673420e+03
5.150647133065781175e-02,8.528836928136212009e+03
5.186555918370364809e-02,8.530197820697163479e+03
5.165885835914761637e-02,8.531623222278676621e+03
5.185271894988450342e-02,8.533174972611444900e+03
5.195546089462588918e-02,8.534568570368914152e+03
5.175575298072482983e-02,8.536079076050549702e+03
5.182458365478700285e-02,8.537436092215491954e+03
5.175757908526348872e-02,8.538898742904835672e+03
5.173206926337373113e-02,8.540281252064940418e+03
5.226144991515208060e-02,8.541847821552773894e+03
5.228408045554532035e-02,8.543259617970090403e+03
5.235176544386642428e-02,8.544693066374846239e+03
5.216489472878858835e-02,8.546177194848984072e+03
5.211365474268274400e-02,8.547470384712758460e+03
5.203507353576562744e-02,8.549028096137441025e+03
5.244986023136832820e-02,8.550413619647946689e+03
5.222222125839266760e-02,8.551906196883233861e+03
5.260319625897149493e-02,8.553301557633074481e+03
5.261705482764478248e-02,8.554758830808093990e+03
5.250434402648015975e-02,8.556121148979051213e+03
5.268569661569300761e-02,8.557581770382392278e+03
5.281920471496395070e-02,8.559114501152405865e+03
5.268133462266302858e-02,8.560483060368267616e+03
5.309827943501306546e-02,8.561873742967298313e+03
5.285026883381890167e-02,8.563294713478446283e+03
5.277654446603719657e-02,8.564679512428045200e+03
5.310100791355490402e-02,8.566186870594256106e+03
5.330018410878036711e-02,8.567580512605425611e+03
5.314327465761274627e-02,8.569012127849362514e+03
5.318856061864042639e-02,8.570390239562526403e+03
5.330779148426949970e-02,8.571795319159453356e+03
5.332743553457684055e-02,8.573180770579185264e+03
5.341658114761822090e-02,8.574670160990151999e+03
5.346322289407359069e-02,8.576123020588558575e+03
5.336225725302523593e-02,8.577486056226322034e+03
5.353291512409358993e-02,8.578895603446118912e+03
5.363678149746357871e-02,8.580369677779275662e+03
5.383007967166009156e-02,8.581751364281461065e+03
5.379230399287567715e-02,8.583178606226598276e+03
5.387982096400028426e-02,8.584518627265841133e+03
5.384732376634899370e-02,8.585949719897884279e+03
5.405152379689499853e-02,8.587331574198133239e+03
5.375136738334681391e-02,8.588839994045980347e+03
5.385695707236656110e-02,8.590161822949055932e+03
5.414548357068224571e-02,8.591548293600486431e+03
5.432310075833112623e-02,8.593001298883842537e+03
5.450472900754235739e-02,8.594369785171915282e+03
5.437302304285951404e-02,8.595786435940075535e+03
5.434919874511373594e-02,8.597262641015029658e+03
5.455837840698838509e-02,8.598513488535472788e+03
5.454422851763370689e-02,8.599938718576482643e+03
5.471806641557309947e-02,8.601351703608561365e+03
5.444861087226576801e-02,8.602828224627137388e+03
5.465165387510895201e-02,8.604175464355301301e+03
5.470419205769985055e-02,8.605582826118485173e+03
5.489782306108841048e-02,8.606988752501829367e+03
5.470859849059056534e-02,8.608409778790306518e+03
5.482192235494699750e-02,8.609695250679775199e+03
5.498960629182734344e-02,8.611063787481807594e+03
5.519292150312399975e-02,8.612570099972794196e+03
5.476029281245208685e-02,8.613920201063774584e+03
5.531229934079875260e-02,8.615275864061901302e+03
5.536517372729082148e-02,8.616696739452343536e+03
5.542092437015921913e-02,8.618083351285906247e+03
5.562459599207596195e-02,8.619452159921553175e+03
5.545782128183269349e-02,8.620805481851093646e+03
5.552520282000898699e-02,8.622208743482700811e+03
5.561106522615250070e-02,8.623565673216771756e+03
5.578707694371991266e-02,8.624977209407803457e+03
5.589830948417486012e-02,8.626301628910008731e+03
5.573739447076449249e-02,8.627655868277923219e+03
5.603738013978310645e-02,8.629032473767085321e+03
5.573532855147750320e-02,8.630415162022527511e+03
5.581616147400175754e-02,8.631911478061798334e+03
5.609602955537408564e-02,8.633213666866440690e+03
5.584621316197953267e-02,8.634565234355732173e+03
5.579695877796275738e-02,8.635980358280074142e+03
5.594701054582668087e-02,8.637260409051823444e+03
5.617670688568417864e-02,8.638623224676144673e+03
5.639894923829220225e-02,8.640001017451018924e+03
5.644742583880232173e-02,8.641389726079713000e+03
5.629393004530660466e-02,8.642730370877279711e+03
5.657815749602630034e-02,8.644075412471658638e+03
5.663042431523450382e-02,8.645477792884332302e+03
5.636223867965881734e-02,8.646895718041032524e+03
5.668699836773928580e-02,8.648237363041249409e+03
5.658123416313533965e-02,8.649515009429980637e+03
5.675989860840610635e-02,8.650917615149199264e+03
5.698255024634433369e-02,8.652297336086368887e+03
5.690509230547204089e-02,8.653565252107766355e+03
5.685844141834055926e-02,8.654964688367999770e+03
5.674134378527661421e-02,8.656392761935834642e+03
5.711666905044356785e-02,8.657658585921495614e+03
5.745722505473584152e-02,8.658991074509785904e+03
5.712588519474492282e-02,8.660392985434986258e+03
5.697115574829909185e-02,8.661822969387512785e+03
5.716907738331915290e-02,8.663114399584235798e+03
5.698591456372522485e-02,8.664428041442142785e+03
5.736713786633532847e-02,8.665804964168342849e+03
5.753140630135481631e-02,8.667178133528737817e+03
5.783731635670143895e-02,8.668481087825479335e+03
5.712947203789962847e-02,8.669821191959119460e+03
5.781803806773073290e-02,8.671117967624966695e+03
5.736947817698315882e-02,8.672553745925584735e+03
5.822914307138253587e-02,8.673821022065127181e+03
5.785624395385732810e-02,8.675219794015145453e+03
5.772380525257291700e-02,8.676590484417662083e+03
5.804238835926166934e-02,8.677968680632095129e+03
5.813132231345027878e-02,8.679227095112217285e+03
5.810071128986089850e-02,8.680562567538561780e+03
5.823003010426878318e-02,8.681943763973129535e+03
5.804977062723603448e-02,8.683264457183509876e+03
5.828590062746594885e-02,8.684613355224237239e+03
5.814668322592558836e-02,8.685931822802844181e+03
5.874347351368162246e-02,8.687249162439862630e+03
5.857926503530836576e-02,8.688602162316094109e+03
5.844652975325870248e-02,8.689910713487603061e+03
5.833748546960838138e-02,8.691214542386067478e+03
5.853753712529993769e-02,8.692504724746839202e+03
5.881119938327004221e-02,8.693863287731466698e+03
5.851072435455863252e-02,8.695209524503012290e+03
5.875415525962355417e-02,8.696603354312957890e+03
5.895234121816025907e-02,8.697785805158026051e+03
5.866036382653240511e-02,8.699115991175835006e+03
5.895815318843267150e-02,8.700549457719929705e+03
5.912369290574301384e-02,8.701905888585632056e+03
5.898260294634553175e-02,8.703152743561111492e+03
5.920059821999255206e-02,8.704447258239957591e+03
5.913997967036551534e-02,8.705753032716396774e+03
5.945266133927454288e-02,8.707081169762019272e+03
5.939110830161990762e-02,8.708385125339613296e+03
5.952447013341201354e-02,8.709722337874403820e+03
5.938860110650009266e-02,8.711030213846030165e+03
5.933700615126735051e-02,8.712329181187085851e+03
5.956050231907055598e-02,8.713625751243351260e+03
5.945067246405753847e-02,8.714948920908289438e+03
6.012294196851343531e-02,8.716322776635191985e+03
5.951654050104775162e-02,8.717574675036868939e+03
5.974508942598920347e-02,8.718901419036783409e+03
5.969367234401808109e-02,8.720191398982164174e+03
5.985343771673868468e-02,8.721526661000558306e+03
